,,,,,,,,,,,,,
,,Firm,Firm A,Firm A,Firm B,Firm B,Firm B,Firm A,Firm A,Firm B,Firm B,Firm B,Firm A
,,Product,Product AE1,Product AF1,Product BE1,Product BF1,Product BE2,Product A1,Product A2,Product B1,Product B2,Product B3,Product A1
Month,Year,Strategy,Equity,Fixed Income,Equity,Fixed Income,Equity,Equity,Fixed Income,Equity,Fixed Income,Equity,Equity
,,,Monthly Return,Monthly Return,Monthly Return,Monthly Return,Monthly Return,AUM,AUM,AUM,AUM,AUM,Cumulative Return
1,1985,1/1/1985,-0.04%,2.58%,3.41%,0.29%,0.00%,"$24,600,000","$42,600,000","$485,200,000","$6,500,000","$82,700,000",-0.04%
2,1985,2/1/1985,-2.57%,-0.25%,1.18%,5.68%,0.00%,"$346,800,000","$44,400,000","$804,100,000","$36,200,000","$34,100,000",-2.61%
3,1985,3/1/1985,1.53%,5.11%,3.99%,-3.63%,7.98%,"$753,700,000","$21,800,000","$689,300,000","$44,500,000","$24,200,000",-1.12%
4,1985,4/1/1985,2.65%,-1.78%,3.02%,1.50%,3.02%,"$1,238,900,000","$18,900,000","$571,200,000","$15,500,000","$22,200,000",1.50%
5,1985,5/1/1985,-1.64%,-1.60%,-3.00%,1.51%,0.00%,"$1,691,300,000","$24,400,000","$237,600,000","$33,100,000","$28,200,000",-0.16%
6,1985,6/1/1985,-1.21%,2.53%,3.96%,2.59%,7.92%,"$2,142,300,000","$13,600,000","$779,000,000","$34,100,000","$28,300,000",-1.37%
7,1985,7/1/1985,-1.20%,1.82%,-1.77%,-0.84%,-3.54%,"$2,327,000,000","$19,700,000","$245,200,000","$23,900,000","$80,400,000",-2.55%
8,1985,8/1/1985,-1.11%,2.46%,-2.36%,-2.18%,0.00%,"$2,327,900,000","$36,000,000","$435,400,000","$19,000,000","$35,100,000",-3.64%
9,1985,9/1/1985,-1.57%,5.46%,0.20%,4.27%,0.20%,"$2,812,500,000","$26,400,000","$414,800,000","$2,700,000","$30,100,000",-5.15%
10,1985,10/1/1985,2.42%,5.32%,-2.83%,1.14%,0.00%,"$3,065,100,000","$24,600,000","$569,400,000","$11,600,000","$16,900,000",-2.85%
11,1985,11/1/1985,-2.88%,4.56%,0.79%,-0.36%,1.58%,"$3,115,100,000","$44,200,000","$112,700,000","$14,000,000","$12,300,000",-5.65%
12,1985,12/1/1985,0.00%,-3.11%,0.20%,-3.42%,0.40%,"$3,166,700,000","$15,300,000","$81,600,000","$9,300,000","$83,000,000",-5.65%
1,1986,1/1/1986,1.68%,0.63%,0.22%,-0.29%,0.22%,"$3,396,500,000","$23,900,000","$818,100,000","$7,900,000","$59,000,000",-4.07%
2,1986,2/1/1986,0.49%,3.75%,4.01%,-0.83%,8.02%,"$3,424,000,000","$35,100,000","$423,400,000","$2,600,000","$18,100,000",-3.60%
3,1986,3/1/1986,-0.68%,0.29%,-1.17%,-2.65%,0.00%,"$3,508,800,000","$20,100,000","$601,300,000","$3,100,000","$19,000,000",-4.25%
4,1986,4/1/1986,0.85%,4.20%,-2.89%,-2.18%,0.00%,"$3,612,500,000","$46,000,000","$653,000,000","$41,200,000","$25,000,000",-3.44%
5,1986,5/1/1986,-1.02%,-2.07%,-1.69%,-4.77%,-1.69%,"$3,712,500,000","$19,000,000","$529,500,000","$49,700,000","$52,400,000",-4.42%
6,1986,6/1/1986,-1.67%,-1.71%,1.34%,4.30%,1.34%,"$3,941,900,000","$18,200,000","$65,000,000","$48,200,000","$41,900,000",-6.02%
7,1986,7/1/1986,1.13%,5.90%,1.55%,-0.77%,3.10%,"$4,120,400,000","$22,600,000","$505,600,000","$44,300,000","$58,100,000",-4.96%
8,1986,8/1/1986,0.49%,1.21%,1.40%,-1.25%,1.40%,"$4,611,900,000","$40,700,000","$548,800,000","$32,000,000","$7,900,000",-4.49%
9,1986,9/1/1986,-1.25%,-4.90%,-0.64%,-2.19%,0.00%,"$4,920,100,000","$26,500,000","$431,800,000","$48,600,000","$31,000,000",-5.69%
10,1986,10/1/1986,1.40%,2.69%,3.71%,1.57%,0.00%,"$5,414,200,000","$47,300,000","$291,800,000","$4,600,000","$13,800,000",-4.37%
11,1986,11/1/1986,2.81%,3.68%,0.96%,5.45%,0.00%,"$5,880,300,000","$17,700,000","$128,200,000","$800,000","$10,200,000",-1.68%
12,1986,12/1/1986,-2.00%,-2.17%,2.76%,-3.76%,5.52%,"$6,352,300,000","$48,300,000","$891,200,000","$33,800,000","$73,600,000",-3.64%
1,1987,1/1/1987,0.72%,1.93%,1.35%,4.19%,2.70%,"$6,663,200,000","$46,200,000","$273,300,000","$12,900,000","$62,200,000",-2.95%
2,1987,2/1/1987,-2.20%,3.56%,4.47%,5.19%,0.00%,"$6,741,200,000","$37,400,000","$225,000,000","$26,300,000","$70,400,000",-5.09%
3,1987,3/1/1987,-0.66%,1.97%,3.54%,-2.84%,3.54%,"$7,240,000,000","$23,900,000","$594,400,000","$2,700,000","$61,600,000",-5.71%
4,1987,4/1/1987,1.64%,-0.48%,3.30%,4.91%,0.00%,"$7,367,900,000","$29,000,000","$707,300,000","$37,200,000","$71,300,000",-4.17%
5,1987,5/1/1987,1.70%,0.38%,0.21%,3.43%,0.00%,"$7,364,700,000","$35,700,000","$532,600,000","$22,700,000","$67,300,000",-2.54%
6,1987,6/1/1987,0.25%,-0.03%,0.84%,-1.23%,0.84%,"$7,672,900,000","$46,000,000","$91,900,000","$45,300,000","$21,100,000",-2.29%
7,1987,7/1/1987,-0.87%,2.23%,2.85%,5.22%,0.00%,"$8,137,300,000","$42,600,000","$141,800,000","$42,100,000","$65,500,000",-3.14%
8,1987,8/1/1987,2.94%,2.57%,2.02%,-1.44%,0.00%,"$8,312,800,000","$41,600,000","$286,400,000","$12,300,000","$50,400,000",-0.30%
9,1987,9/1/1987,-1.64%,0.90%,-1.04%,3.93%,0.00%,"$8,397,300,000","$11,300,000","$536,600,000","$9,300,000","$27,900,000",-1.93%
10,1987,10/1/1987,-2.71%,4.76%,-0.37%,-3.50%,-0.74%,"$8,741,700,000","$25,500,000","$354,900,000","$3,300,000","$83,800,000",-4.59%
11,1987,11/1/1987,-0.06%,2.79%,2.38%,-0.48%,2.38%,"$9,012,300,000","$32,000,000","$381,100,000","$20,700,000","$87,700,000",-4.65%
12,1987,12/1/1987,-1.39%,-0.78%,1.98%,3.50%,3.96%,"$9,170,900,000","$40,400,000","$115,700,000","$33,500,000","$41,600,000",-5.97%
1,1988,1/1/1988,-0.01%,-3.71%,-2.09%,-1.39%,-4.18%,"$9,320,700,000","$30,200,000","$437,900,000","$24,900,000","$61,500,000",-5.98%
2,1988,2/1/1988,2.91%,3.27%,0.96%,1.75%,1.92%,"$9,663,800,000","$39,800,000","$416,900,000","$39,100,000","$28,200,000",-3.24%
3,1988,3/1/1988,2.57%,0.70%,-2.60%,2.09%,-5.20%,"$9,995,400,000","$31,200,000","$471,000,000","$11,800,000","$29,600,000",-0.76%
4,1988,4/1/1988,2.17%,-1.91%,0.59%,3.88%,0.00%,"$10,438,800,000","$16,400,000","$641,400,000","$16,500,000","$15,700,000",1.40%
5,1988,5/1/1988,-2.37%,-4.38%,-0.72%,-1.98%,-1.44%,"$10,804,000,000","$16,500,000","$875,000,000","$27,900,000","$56,700,000",-1.01%
6,1988,6/1/1988,2.83%,-1.24%,-0.50%,-3.31%,-1.00%,"$10,979,600,000","$11,300,000","$668,400,000","$22,200,000","$68,000,000",1.79%
7,1988,7/1/1988,-2.25%,5.47%,3.82%,3.86%,3.82%,"$11,149,000,000","$48,200,000","$546,800,000","$18,600,000","$51,400,000",-0.50%
8,1988,8/1/1988,1.87%,-1.60%,3.40%,-1.69%,6.80%,"$11,336,500,000","$19,000,000","$897,300,000","$48,400,000","$60,000,000",1.36%
9,1988,9/1/1988,-1.91%,2.24%,3.18%,-1.41%,3.18%,"$11,468,300,000","$35,800,000","$562,200,000","$15,100,000","$71,600,000",-0.57%
10,1988,10/1/1988,-1.05%,-2.71%,-2.91%,-0.54%,-5.82%,"$11,598,600,000","$45,900,000","$307,600,000","$9,700,000","$5,000,000",-1.62%
11,1988,11/1/1988,2.10%,-1.47%,0.09%,-4.94%,0.18%,"$11,867,100,000","$13,600,000","$319,100,000","$37,600,000","$22,000,000",0.45%
12,1988,12/1/1988,2.41%,1.34%,-0.05%,-4.11%,-0.05%,"$11,902,800,000","$18,000,000","$891,700,000","$16,300,000","$60,800,000",2.87%
1,1989,1/1/1989,-2.98%,5.83%,-1.74%,2.85%,-3.48%,"$12,190,200,000","$12,400,000","$854,700,000","$17,000,000","$72,700,000",-0.19%
2,1989,2/1/1989,1.33%,1.85%,-0.18%,4.74%,0.00%,"$12,471,400,000","$12,400,000","$109,300,000","$47,200,000","$21,400,000",1.13%
3,1989,3/1/1989,2.07%,1.18%,0.18%,4.29%,0.00%,"$12,592,800,000","$17,300,000","$527,000,000","$12,000,000","$13,800,000",3.23%
4,1989,4/1/1989,-0.74%,3.83%,-0.29%,-4.27%,0.00%,"$12,628,300,000","$49,700,000","$391,100,000","$8,700,000","$74,400,000",2.46%
5,1989,5/1/1989,-0.07%,4.86%,0.12%,1.67%,0.12%,"$13,059,700,000","$26,600,000","$88,400,000","$40,400,000","$8,600,000",2.39%
6,1989,6/1/1989,1.95%,2.57%,-1.41%,-4.71%,-1.41%,"$13,444,200,000","$29,700,000","$381,500,000","$47,900,000","$22,000,000",4.39%
7,1989,7/1/1989,-2.20%,4.66%,-1.19%,1.21%,-2.38%,"$13,512,400,000","$29,900,000","$389,600,000","$49,200,000","$70,800,000",2.09%
8,1989,8/1/1989,-2.93%,5.16%,0.70%,-0.33%,0.70%,"$13,896,100,000","$42,300,000","$439,600,000","$24,100,000","$35,400,000",-0.90%
9,1989,9/1/1989,2.05%,-4.02%,-0.49%,1.87%,0.00%,"$14,124,400,000","$31,400,000","$365,400,000","$17,100,000","$74,500,000",1.13%
10,1989,10/1/1989,0.01%,-3.64%,-1.96%,-2.24%,-1.96%,"$14,151,000,000","$37,000,000","$299,400,000","$33,300,000","$55,100,000",1.14%
11,1989,11/1/1989,2.28%,-1.51%,3.10%,-4.78%,3.10%,"$14,445,700,000","$17,100,000","$497,800,000","$2,900,000","$44,000,000",3.45%
12,1989,12/1/1989,0.53%,2.06%,2.04%,-4.45%,2.04%,"$14,890,000,000","$27,400,000","$56,400,000","$19,700,000","$30,800,000",4.00%
1,1990,1/1/1990,0.84%,1.30%,2.57%,-1.50%,0.00%,"$15,098,500,000","$15,300,000","$741,500,000","$44,700,000","$89,700,000",4.87%
2,1990,2/1/1990,0.37%,4.15%,1.64%,5.20%,0.00%,"$15,516,500,000","$18,100,000","$374,400,000","$39,000,000","$57,200,000",5.26%
3,1990,3/1/1990,-1.83%,1.75%,0.74%,-4.04%,1.48%,"$15,768,500,000","$14,200,000","$569,000,000","$1,600,000","$31,900,000",3.33%
4,1990,4/1/1990,-2.42%,-4.92%,3.48%,3.51%,6.96%,"$15,812,200,000","$19,100,000","$255,300,000","$7,000,000","$13,100,000",0.83%
5,1990,5/1/1990,1.57%,4.21%,-2.51%,-2.13%,-5.02%,"$15,852,800,000","$33,000,000","$472,900,000","$43,500,000","$72,200,000",2.41%
6,1990,6/1/1990,-0.31%,-3.70%,-2.02%,-2.81%,-4.04%,"$15,907,200,000","$16,500,000","$314,000,000","$1,300,000","$81,900,000",2.10%
7,1990,7/1/1990,-0.83%,1.35%,0.55%,1.18%,0.00%,"$16,342,000,000","$20,400,000","$820,500,000","$2,800,000","$70,000,000",1.25%
8,1990,8/1/1990,-2.44%,2.52%,-2.80%,-4.69%,-2.80%,"$16,809,000,000","$10,500,000","$86,700,000","$49,200,000","$65,800,000",-1.22%
9,1990,9/1/1990,1.46%,-2.19%,2.68%,3.28%,5.36%,"$17,208,000,000","$49,900,000","$489,500,000","$13,400,000","$60,100,000",0.22%
10,1990,10/1/1990,-1.78%,-4.11%,-1.81%,1.00%,-1.81%,"$17,597,800,000","$23,100,000","$555,300,000","$32,500,000","$19,700,000",-1.56%
11,1990,11/1/1990,-0.64%,-2.64%,0.40%,-3.89%,0.00%,"$18,051,100,000","$15,800,000","$422,700,000","$24,800,000","$56,700,000",-2.19%
12,1990,12/1/1990,-0.30%,-0.51%,3.45%,-0.53%,3.45%,"$18,110,900,000","$26,700,000","$208,700,000","$3,100,000","$71,700,000",-2.49%
1,1991,1/1/1991,-0.92%,-4.02%,3.64%,5.90%,7.28%,"$18,232,300,000","$15,100,000","$642,700,000","$28,700,000","$15,000,000",-3.38%
2,1991,2/1/1991,-2.40%,-4.91%,0.85%,1.08%,0.00%,"$18,472,400,000","$35,900,000","$353,600,000","$3,600,000","$55,200,000",-5.70%
3,1991,3/1/1991,-2.48%,3.59%,1.18%,-1.99%,2.36%,"$18,907,400,000","$11,500,000","$354,900,000","$6,000,000","$77,300,000",-8.04%
4,1991,4/1/1991,-0.87%,-1.30%,-1.83%,-0.90%,-1.83%,"$18,977,600,000","$30,700,000","$402,400,000","$20,800,000","$53,800,000",-8.84%
5,1991,5/1/1991,-0.93%,4.34%,-2.43%,5.48%,-4.86%,"$19,377,900,000","$48,700,000","$314,300,000","$28,900,000","$58,500,000",-9.69%
6,1991,6/1/1991,1.29%,4.14%,2.08%,4.63%,2.08%,"$19,657,800,000","$26,500,000","$536,300,000","$600,000","$25,300,000",-8.52%
7,1991,7/1/1991,-1.81%,5.42%,2.53%,-1.97%,2.53%,"$19,681,900,000","$43,100,000","$620,500,000","$28,800,000","$21,800,000",-10.18%
8,1991,8/1/1991,2.35%,-1.55%,-1.29%,2.80%,-1.29%,"$19,714,700,000","$39,300,000","$656,100,000","$10,900,000","$23,900,000",-8.07%
9,1991,9/1/1991,1.57%,2.19%,2.13%,-2.85%,2.13%,"$20,188,200,000","$45,100,000","$281,700,000","$47,400,000","$42,300,000",-6.63%
10,1991,10/1/1991,2.63%,1.35%,-0.30%,0.89%,-0.30%,"$20,274,400,000","$26,300,000","$288,000,000","$24,400,000","$41,600,000",-4.17%
11,1991,11/1/1991,0.62%,-1.46%,0.24%,0.64%,0.24%,"$20,380,900,000","$30,800,000","$366,800,000","$39,900,000","$16,200,000",-3.58%
12,1991,12/1/1991,0.57%,4.81%,-0.72%,2.17%,-1.44%,"$20,817,000,000","$42,300,000","$854,100,000","$40,500,000","$7,500,000",-3.03%
1,1992,1/1/1992,-2.03%,2.47%,3.91%,-2.80%,3.91%,"$21,040,000,000","$24,800,000","$650,900,000","$17,400,000","$65,300,000",-4.99%
2,1992,2/1/1992,-1.11%,0.79%,-2.18%,3.01%,-4.36%,"$21,268,500,000","$45,200,000","$261,000,000","$30,700,000","$49,100,000",-6.05%
3,1992,3/1/1992,2.86%,1.91%,2.74%,3.75%,2.74%,"$21,675,600,000","$43,400,000","$221,000,000","$36,100,000","$13,700,000",-3.36%
4,1992,4/1/1992,0.04%,4.28%,-2.34%,0.83%,-4.68%,"$21,853,600,000","$20,200,000","$370,500,000","$29,400,000","$16,400,000",-3.32%
5,1992,5/1/1992,1.96%,2.81%,1.26%,5.09%,1.26%,"$21,966,100,000","$36,700,000","$854,500,000","$17,800,000","$49,700,000",-1.43%
6,1992,6/1/1992,-0.66%,-2.54%,3.90%,-4.07%,7.80%,"$22,167,000,000","$38,300,000","$514,500,000","$21,200,000","$25,900,000",-2.08%
7,1992,7/1/1992,1.24%,5.35%,3.71%,0.98%,7.42%,"$22,449,800,000","$16,400,000","$563,400,000","$35,200,000","$73,300,000",-0.86%
8,1992,8/1/1992,2.12%,-2.42%,2.19%,2.70%,4.38%,"$22,585,300,000","$20,200,000","$479,800,000","$600,000","$44,800,000",1.24%
9,1992,9/1/1992,-2.60%,-1.13%,2.26%,2.40%,0.00%,"$23,011,300,000","$42,600,000","$860,600,000","$25,900,000","$85,400,000",-1.40%
10,1992,10/1/1992,-1.70%,4.26%,-2.84%,5.11%,-2.84%,"$23,457,300,000","$22,000,000","$520,400,000","$23,500,000","$54,800,000",-3.07%
11,1992,11/1/1992,0.20%,0.80%,3.42%,-4.07%,0.00%,"$23,816,100,000","$11,300,000","$259,300,000","$49,100,000","$67,800,000",-2.88%
12,1992,12/1/1992,-2.45%,1.70%,4.12%,5.34%,8.24%,"$23,844,100,000","$47,200,000","$115,400,000","$43,100,000","$39,200,000",-5.26%
1,1993,1/1/1993,-1.36%,-0.07%,3.22%,2.31%,3.22%,"$24,155,200,000","$38,900,000","$795,500,000","$22,400,000","$53,400,000",-6.55%
2,1993,2/1/1993,2.98%,-0.59%,1.87%,-1.90%,3.74%,"$24,248,900,000","$34,400,000","$882,600,000","$29,300,000","$49,600,000",-3.76%
3,1993,3/1/1993,0.98%,-5.00%,1.36%,3.66%,0.00%,"$24,693,400,000","$9,600,000","$357,800,000","$15,800,000","$29,000,000",-2.82%
4,1993,4/1/1993,-0.62%,3.11%,2.52%,-4.30%,5.04%,"$24,811,400,000","$17,100,000","$122,900,000","$45,600,000","$20,000,000",-3.42%
5,1993,5/1/1993,1.41%,3.93%,2.89%,4.25%,0.00%,"$25,167,200,000","$31,000,000","$866,100,000","$43,000,000","$5,000,000",-2.06%
6,1993,6/1/1993,2.53%,-2.34%,0.07%,4.35%,0.00%,"$25,197,600,000","$29,000,000","$554,200,000","$12,600,000","$21,400,000",0.42%
7,1993,7/1/1993,2.42%,2.44%,1.49%,0.75%,1.49%,"$25,685,000,000","$31,200,000","$490,300,000","$8,000,000","$21,600,000",2.85%
8,1993,8/1/1993,0.82%,-0.27%,-0.89%,-0.53%,0.00%,"$25,908,000,000","$47,100,000","$124,000,000","$6,000,000","$68,200,000",3.69%
9,1993,9/1/1993,1.13%,0.29%,1.98%,-3.83%,1.98%,"$26,051,800,000","$33,200,000","$300,500,000","$18,300,000","$45,600,000",4.86%
10,1993,10/1/1993,0.57%,2.97%,-2.48%,0.56%,-2.48%,"$26,332,400,000","$18,000,000","$452,900,000","$13,600,000","$30,000,000",5.46%
11,1993,11/1/1993,1.38%,-1.94%,-1.04%,2.89%,-2.08%,"$26,633,800,000","$47,300,000","$821,900,000","$28,000,000","$18,500,000",6.92%
12,1993,12/1/1993,2.66%,-1.19%,1.76%,5.91%,0.00%,"$26,916,900,000","$48,100,000","$179,600,000","$28,800,000","$40,600,000",9.76%
1,1994,1/1/1994,0.42%,-1.62%,-1.92%,-0.31%,-3.84%,"$27,308,700,000","$34,400,000","$885,500,000","$27,200,000","$40,400,000",10.22%
2,1994,2/1/1994,-2.33%,1.33%,3.98%,-2.77%,0.00%,"$27,528,100,000","$20,000,000","$710,800,000","$7,100,000","$76,700,000",7.65%
3,1994,3/1/1994,-2.76%,-1.00%,-0.65%,-4.88%,0.00%,"$27,889,000,000","$23,500,000","$156,900,000","$9,300,000","$22,700,000",4.68%
4,1994,4/1/1994,-0.25%,-0.82%,-0.46%,2.59%,-0.46%,"$28,208,600,000","$20,900,000","$360,100,000","$39,800,000","$34,200,000",4.42%
5,1994,5/1/1994,2.38%,4.33%,0.95%,1.28%,0.95%,"$28,404,900,000","$25,200,000","$142,100,000","$5,200,000","$15,400,000",6.91%
6,1994,6/1/1994,1.48%,0.32%,2.49%,-3.17%,0.00%,"$28,546,100,000","$23,200,000","$216,900,000","$10,500,000","$72,400,000",8.49%
7,1994,7/1/1994,1.57%,-3.26%,4.22%,-0.63%,4.22%,"$28,814,200,000","$43,000,000","$452,000,000","$36,600,000","$12,000,000",10.19%
8,1994,8/1/1994,-0.51%,-3.07%,-1.72%,-1.11%,0.00%,"$29,140,600,000","$40,100,000","$757,600,000","$14,500,000","$52,700,000",9.63%
9,1994,9/1/1994,1.81%,-2.78%,4.05%,5.93%,0.00%,"$29,526,100,000","$31,500,000","$518,300,000","$25,400,000","$78,800,000",11.61%
10,1994,10/1/1994,-0.37%,0.42%,4.27%,2.97%,4.27%,"$29,577,600,000","$45,000,000","$499,500,000","$49,600,000","$28,000,000",11.20%
11,1994,11/1/1994,-0.71%,3.83%,1.78%,1.05%,3.56%,"$29,934,600,000","$32,400,000","$262,800,000","$25,000,000","$39,600,000",10.41%
12,1994,12/1/1994,2.02%,1.05%,-1.48%,5.74%,-1.48%,"$30,257,500,000","$32,400,000","$747,900,000","$34,200,000","$21,900,000",12.64%
1,1995,1/1/1995,1.74%,2.37%,-1.22%,0.92%,0.00%,"$30,383,900,000","$15,200,000","$117,300,000","$43,100,000","$63,300,000",14.60%
2,1995,2/1/1995,1.52%,0.72%,2.97%,-3.91%,0.00%,"$30,662,500,000","$33,700,000","$68,400,000","$20,100,000","$70,100,000",16.34%
3,1995,3/1/1995,-2.96%,-1.21%,-2.26%,5.20%,-2.26%,"$31,101,500,000","$13,100,000","$183,600,000","$25,400,000","$33,200,000",12.90%
4,1995,4/1/1995,-1.73%,-3.74%,3.13%,-2.89%,3.13%,"$31,101,200,000","$14,500,000","$689,100,000","$26,900,000","$15,700,000",10.95%
5,1995,5/1/1995,2.18%,3.90%,-1.11%,0.14%,-2.22%,"$31,347,200,000","$45,200,000","$347,800,000","$27,600,000","$64,200,000",13.37%
6,1995,6/1/1995,1.23%,4.23%,-1.45%,-1.46%,-1.45%,"$31,664,600,000","$22,600,000","$432,600,000","$10,500,000","$74,400,000",14.76%
7,1995,7/1/1995,-0.35%,-2.38%,1.24%,-3.05%,0.00%,"$32,013,300,000","$35,900,000","$790,400,000","$14,300,000","$64,200,000",14.36%
8,1995,8/1/1995,-1.67%,-2.76%,-0.80%,-4.51%,-1.60%,"$32,146,900,000","$13,000,000","$470,400,000","$28,600,000","$18,900,000",12.45%
9,1995,9/1/1995,2.14%,3.67%,-1.24%,1.54%,-2.48%,"$32,279,800,000","$44,600,000","$398,500,000","$20,600,000","$48,100,000",14.86%
10,1995,10/1/1995,2.84%,2.68%,-2.54%,5.78%,-5.08%,"$32,348,000,000","$24,100,000","$231,100,000","$18,700,000","$43,100,000",18.12%
11,1995,11/1/1995,-0.66%,0.26%,-2.35%,-1.83%,0.00%,"$32,670,100,000","$39,900,000","$153,000,000","$9,800,000","$8,800,000",17.34%
12,1995,12/1/1995,-1.74%,-2.15%,0.77%,3.46%,0.77%,"$32,785,100,000","$35,100,000","$556,100,000","$37,900,000","$81,800,000",15.30%
1,1996,1/1/1996,-0.40%,2.83%,0.82%,-3.11%,0.00%,"$32,950,200,000","$18,300,000","$85,800,000","$12,300,000","$26,300,000",14.83%
2,1996,2/1/1996,-1.37%,-1.42%,1.46%,5.42%,1.46%,"$33,442,600,000","$42,400,000","$116,900,000","$37,000,000","$77,300,000",13.26%
3,1996,3/1/1996,2.49%,5.83%,1.01%,5.09%,1.01%,"$33,515,600,000","$13,800,000","$121,700,000","$38,200,000","$79,800,000",16.08%
4,1996,4/1/1996,-0.61%,-2.40%,2.93%,0.59%,2.93%,"$33,839,800,000","$10,600,000","$750,800,000","$42,900,000","$86,800,000",15.37%
5,1996,5/1/1996,2.46%,5.25%,1.45%,0.54%,1.45%,"$34,190,700,000","$46,500,000","$769,300,000","$30,500,000","$14,900,000",18.21%
6,1996,6/1/1996,-1.08%,-0.10%,0.27%,-1.16%,0.00%,"$34,596,700,000","$49,000,000","$557,100,000","$23,400,000","$52,400,000",16.94%
7,1996,7/1/1996,2.03%,-1.79%,-2.40%,-1.09%,-4.80%,"$34,800,100,000","$22,500,000","$667,700,000","$24,400,000","$31,100,000",19.31%
8,1996,8/1/1996,2.90%,-3.01%,1.72%,-1.64%,1.72%,"$34,987,700,000","$27,200,000","$645,500,000","$3,800,000","$46,800,000",22.77%
9,1996,9/1/1996,1.83%,-2.33%,-0.67%,-2.87%,0.00%,"$35,107,600,000","$36,400,000","$249,600,000","$50,000,000","$75,200,000",25.02%
10,1996,10/1/1996,1.20%,-3.76%,3.72%,5.80%,0.00%,"$35,345,100,000","$30,400,000","$567,100,000","$9,000,000","$66,000,000",26.52%
11,1996,11/1/1996,2.71%,-3.28%,-0.53%,1.55%,-0.53%,"$35,442,300,000","$44,600,000","$727,700,000","$3,900,000","$77,600,000",29.94%
12,1996,12/1/1996,-1.94%,-4.05%,2.34%,-0.69%,4.68%,"$35,645,000,000","$23,900,000","$439,200,000","$17,600,000","$62,400,000",27.42%
1,1997,1/1/1997,1.66%,-2.31%,2.09%,-0.97%,0.00%,"$36,048,100,000","$40,900,000","$593,300,000","$36,900,000","$33,300,000",29.54%
2,1997,2/1/1997,-2.37%,-4.17%,-1.94%,-3.79%,-1.94%,"$36,120,500,000","$27,500,000","$675,600,000","$5,800,000","$77,200,000",26.47%
3,1997,3/1/1997,-0.06%,-3.14%,3.14%,-4.27%,3.14%,"$36,204,700,000","$45,900,000","$509,100,000","$16,300,000","$56,500,000",26.39%
4,1997,4/1/1997,2.53%,-1.27%,-1.47%,3.83%,-1.47%,"$36,568,000,000","$32,900,000","$265,800,000","$26,700,000","$82,600,000",29.59%
5,1997,5/1/1997,-0.69%,-4.13%,2.31%,-3.64%,2.31%,"$37,006,500,000","$27,900,000","$122,800,000","$2,900,000","$23,600,000",28.70%
6,1997,6/1/1997,2.41%,-3.63%,-1.45%,-3.89%,-1.45%,"$37,016,800,000","$13,800,000","$223,700,000","$37,500,000","$78,900,000",31.80%
7,1997,7/1/1997,0.34%,-3.89%,3.78%,2.52%,7.56%,"$37,415,500,000","$12,800,000","$754,900,000","$14,600,000","$88,000,000",32.25%
8,1997,8/1/1997,-0.20%,0.74%,1.55%,1.71%,3.10%,"$37,781,600,000","$32,200,000","$295,800,000","$42,600,000","$42,700,000",31.98%
9,1997,9/1/1997,2.65%,-2.34%,1.45%,-4.49%,2.90%,"$38,230,300,000","$17,200,000","$870,500,000","$13,600,000","$56,900,000",35.48%
10,1997,10/1/1997,0.93%,4.63%,-1.33%,1.27%,-2.66%,"$38,244,800,000","$18,400,000","$781,300,000","$11,800,000","$10,500,000",36.74%
11,1997,11/1/1997,2.07%,-2.21%,2.62%,-4.84%,5.24%,"$38,592,800,000","$22,000,000","$353,600,000","$31,200,000","$33,400,000",39.57%
12,1997,12/1/1997,-1.25%,-3.32%,-1.84%,1.69%,0.00%,"$38,833,500,000","$17,100,000","$820,400,000","$28,900,000","$18,100,000",37.82%
1,1998,1/1/1998,0.33%,-3.62%,-1.90%,0.77%,-3.80%,"$39,124,900,000","$29,400,000","$264,200,000","$2,300,000","$23,300,000",38.28%
2,1998,2/1/1998,-0.82%,-2.71%,-2.09%,4.37%,0.00%,"$39,122,700,000","$40,400,000","$726,300,000","$36,200,000","$16,300,000",37.15%
3,1998,3/1/1998,-1.14%,3.45%,0.15%,0.63%,0.00%,"$39,395,200,000","$14,100,000","$655,100,000","$33,000,000","$45,000,000",35.58%
4,1998,4/1/1998,2.06%,5.42%,-2.26%,-3.79%,0.00%,"$39,794,100,000","$26,800,000","$617,700,000","$24,200,000","$39,100,000",38.38%
5,1998,5/1/1998,-0.53%,0.43%,2.72%,-1.68%,2.72%,"$39,944,600,000","$25,400,000","$604,900,000","$7,500,000","$7,500,000",37.64%
6,1998,6/1/1998,-1.05%,-3.09%,-2.34%,-0.58%,-2.34%,"$40,118,200,000","$47,200,000","$516,900,000","$10,000,000","$33,200,000",36.20%
7,1998,7/1/1998,-2.08%,0.12%,3.65%,5.53%,3.65%,"$40,470,100,000","$19,600,000","$610,100,000","$800,000","$35,200,000",33.36%
8,1998,8/1/1998,-0.66%,0.83%,-1.48%,2.15%,-1.48%,"$40,936,700,000","$10,300,000","$792,100,000","$33,400,000","$73,600,000",32.48%
9,1998,9/1/1998,-2.02%,-3.36%,1.60%,2.24%,3.20%,"$41,121,500,000","$45,900,000","$190,900,000","$26,600,000","$48,300,000",29.81%
10,1998,10/1/1998,-1.68%,0.31%,0.25%,-0.75%,0.50%,"$41,367,700,000","$35,800,000","$446,800,000","$28,500,000","$32,900,000",27.63%
11,1998,11/1/1998,2.02%,0.91%,-2.34%,0.64%,0.00%,"$41,739,200,000","$46,000,000","$659,900,000","$7,800,000","$85,000,000",30.20%
12,1998,12/1/1998,2.53%,-3.22%,2.54%,3.01%,0.00%,"$41,919,600,000","$29,300,000","$873,800,000","$34,300,000","$11,900,000",33.50%
1,1999,1/1/1999,-1.20%,1.85%,-0.67%,-1.47%,-0.67%,"$42,105,500,000","$41,000,000","$314,000,000","$40,100,000","$57,000,000",31.90%
2,1999,2/1/1999,2.23%,4.57%,-1.69%,-3.84%,-1.69%,"$42,489,700,000","$16,300,000","$415,700,000","$47,300,000","$33,200,000",34.84%
3,1999,3/1/1999,0.86%,-4.17%,-2.48%,-4.98%,-4.96%,"$42,850,700,000","$39,400,000","$186,300,000","$41,000,000","$74,400,000",36.00%
4,1999,4/1/1999,-1.18%,4.73%,3.63%,0.28%,0.00%,"$43,323,600,000","$48,200,000","$759,200,000","$16,000,000","$15,400,000",34.39%
5,1999,5/1/1999,-0.76%,4.29%,2.30%,-1.61%,0.00%,"$43,338,600,000","$44,600,000","$776,800,000","$34,200,000","$78,800,000",33.37%
6,1999,6/1/1999,-1.91%,0.23%,1.22%,-3.76%,0.00%,"$43,781,400,000","$12,600,000","$759,900,000","$40,100,000","$58,900,000",30.82%
7,1999,7/1/1999,1.34%,-2.17%,1.47%,-1.09%,1.47%,"$44,018,500,000","$13,200,000","$818,600,000","$39,600,000","$35,800,000",32.58%
8,1999,8/1/1999,-1.89%,2.83%,3.65%,-4.72%,7.30%,"$44,275,400,000","$43,400,000","$872,300,000","$20,200,000","$74,200,000",30.07%
9,1999,9/1/1999,2.23%,-0.42%,-2.28%,1.61%,-2.28%,"$44,723,600,000","$23,900,000","$227,600,000","$22,400,000","$75,800,000",32.97%
10,1999,10/1/1999,-1.23%,-3.51%,4.30%,4.07%,4.30%,"$45,049,600,000","$35,800,000","$381,300,000","$14,000,000","$74,000,000",31.34%
11,1999,11/1/1999,-0.76%,2.80%,1.46%,0.23%,2.92%,"$45,293,200,000","$22,400,000","$356,200,000","$47,700,000","$65,000,000",30.34%
12,1999,12/1/1999,2.93%,5.15%,1.12%,1.07%,2.24%,"$45,293,300,000","$26,700,000","$224,100,000","$1,000,000","$20,600,000",34.16%
1,2000,1/1/2000,1.09%,-2.14%,1.97%,3.39%,3.94%,"$45,319,400,000","$25,900,000","$715,000,000","$40,700,000","$52,800,000",35.62%
2,2000,2/1/2000,0.88%,4.75%,-2.39%,-2.78%,0.00%,"$45,776,300,000","$43,400,000","$80,600,000","$22,800,000","$41,600,000",36.81%
3,2000,3/1/2000,2.04%,0.37%,-1.31%,-3.82%,0.00%,"$46,237,200,000","$31,000,000","$229,800,000","$25,200,000","$16,500,000",39.60%
4,2000,4/1/2000,-2.61%,-2.31%,1.71%,2.35%,3.42%,"$46,633,300,000","$25,900,000","$649,300,000","$46,200,000","$78,100,000",35.96%
5,2000,5/1/2000,-2.57%,-3.48%,1.03%,-1.10%,0.00%,"$46,956,000,000","$39,000,000","$482,100,000","$16,100,000","$51,100,000",32.47%
6,2000,6/1/2000,0.51%,-1.99%,4.43%,1.63%,4.43%,"$47,160,200,000","$24,800,000","$96,200,000","$17,100,000","$25,300,000",33.14%
7,2000,7/1/2000,1.77%,4.79%,-0.12%,2.93%,-0.12%,"$47,252,600,000","$42,100,000","$265,700,000","$20,500,000","$79,700,000",35.50%
8,2000,8/1/2000,0.88%,3.23%,0.61%,-0.81%,0.61%,"$47,302,800,000","$44,100,000","$549,100,000","$37,200,000","$5,300,000",36.69%
9,2000,9/1/2000,-1.41%,3.94%,1.41%,-2.10%,0.00%,"$47,317,000,000","$41,300,000","$412,400,000","$31,700,000","$34,900,000",34.76%
10,2000,10/1/2000,0.06%,-4.01%,-2.66%,-2.87%,0.00%,"$47,663,800,000","$25,600,000","$220,100,000","$25,500,000","$51,800,000",34.84%
11,2000,11/1/2000,-1.73%,-2.67%,4.13%,3.72%,8.26%,"$47,720,300,000","$10,100,000","$807,900,000","$16,600,000","$10,500,000",32.51%
12,2000,12/1/2000,-0.56%,1.07%,3.80%,-3.84%,3.80%,"$47,834,700,000","$48,200,000","$727,100,000","$16,400,000","$29,000,000",31.77%
1,2001,1/1/2001,1.77%,-1.37%,1.57%,4.91%,1.57%,"$48,321,500,000","$30,800,000","$632,100,000","$49,300,000","$60,700,000",34.10%
2,2001,2/1/2001,-2.80%,5.42%,0.01%,0.05%,0.02%,"$48,744,900,000","$35,500,000","$513,400,000","$43,700,000","$63,200,000",30.35%
3,2001,3/1/2001,-1.04%,0.95%,-1.80%,-1.35%,-1.80%,"$49,228,700,000","$33,000,000","$574,300,000","$26,000,000","$47,400,000",28.99%
4,2001,4/1/2001,0.69%,-4.48%,0.13%,0.62%,0.13%,"$49,281,800,000","$33,400,000","$453,400,000","$3,900,000","$67,500,000",29.88%
5,2001,5/1/2001,-2.86%,-1.88%,-0.23%,0.53%,-0.23%,"$49,616,100,000","$39,800,000","$539,700,000","$19,100,000","$53,100,000",26.17%
6,2001,6/1/2001,-0.27%,2.90%,4.42%,-3.17%,0.00%,"$49,799,600,000","$48,600,000","$515,700,000","$39,800,000","$14,800,000",25.83%
7,2001,7/1/2001,2.72%,0.61%,-2.34%,5.93%,0.00%,"$50,255,000,000","$26,800,000","$740,700,000","$15,600,000","$33,600,000",29.25%
8,2001,8/1/2001,0.86%,-3.13%,-0.32%,1.67%,0.00%,"$50,298,100,000","$23,700,000","$356,500,000","$25,300,000","$75,000,000",30.36%
9,2001,9/1/2001,-0.83%,2.63%,1.76%,2.88%,0.00%,"$50,552,500,000","$28,300,000","$262,400,000","$44,600,000","$30,600,000",29.28%
10,2001,10/1/2001,-2.90%,-2.22%,0.36%,4.21%,0.36%,"$50,716,300,000","$47,800,000","$694,400,000","$37,600,000","$24,800,000",25.53%
11,2001,11/1/2001,0.20%,-4.63%,-0.87%,1.42%,0.00%,"$50,931,400,000","$36,600,000","$495,300,000","$14,900,000","$17,500,000",25.78%
12,2001,12/1/2001,-1.64%,-0.38%,-1.98%,-0.20%,-3.96%,"$51,206,900,000","$47,700,000","$494,000,000","$2,100,000","$33,200,000",23.72%
1,2002,1/1/2002,2.83%,0.88%,-2.46%,5.63%,0.00%,"$51,512,500,000","$42,100,000","$527,500,000","$8,400,000","$8,600,000",27.22%
2,2002,2/1/2002,1.53%,4.96%,2.86%,-2.84%,5.72%,"$51,677,300,000","$35,100,000","$460,000,000","$9,800,000","$40,500,000",29.17%
3,2002,3/1/2002,2.23%,5.58%,-0.50%,-1.06%,-0.50%,"$52,069,200,000","$35,400,000","$404,600,000","$18,600,000","$78,600,000",32.05%
4,2002,4/1/2002,-1.19%,3.18%,1.44%,5.13%,2.88%,"$52,161,900,000","$44,200,000","$67,800,000","$14,500,000","$27,300,000",30.47%
5,2002,5/1/2002,-2.91%,4.45%,2.71%,-3.96%,0.00%,"$52,429,500,000","$30,400,000","$144,400,000","$32,500,000","$33,800,000",26.68%
6,2002,6/1/2002,-0.57%,-0.88%,3.42%,-1.62%,0.00%,"$52,876,700,000","$18,100,000","$624,300,000","$38,700,000","$47,900,000",25.96%
7,2002,7/1/2002,1.10%,2.54%,-1.25%,-4.47%,-2.50%,"$52,969,500,000","$14,200,000","$55,900,000","$16,900,000","$10,000,000",27.34%
8,2002,8/1/2002,-0.53%,-3.87%,3.87%,4.79%,3.87%,"$53,415,900,000","$20,500,000","$858,800,000","$15,400,000","$31,400,000",26.67%
9,2002,9/1/2002,1.78%,4.28%,2.79%,-2.74%,2.79%,"$53,764,800,000","$16,100,000","$811,500,000","$8,800,000","$5,300,000",28.92%
10,2002,10/1/2002,2.36%,-4.13%,2.62%,-4.17%,5.24%,"$53,872,200,000","$11,400,000","$312,200,000","$3,100,000","$49,800,000",31.96%
11,2002,11/1/2002,1.59%,3.51%,-1.38%,-3.36%,-2.76%,"$54,286,800,000","$42,100,000","$367,700,000","$49,500,000","$55,800,000",34.06%
12,2002,12/1/2002,0.98%,0.70%,3.45%,-3.77%,6.90%,"$54,389,800,000","$31,000,000","$617,700,000","$4,100,000","$9,500,000",35.38%
1,2003,1/1/2003,-0.70%,-3.87%,-1.25%,1.70%,-2.50%,"$54,653,200,000","$42,900,000","$196,700,000","$43,900,000","$37,900,000",34.43%
2,2003,2/1/2003,-2.96%,3.43%,3.08%,1.77%,6.16%,"$54,890,400,000","$45,700,000","$444,100,000","$45,000,000","$12,300,000",30.45%
3,2003,3/1/2003,1.78%,4.12%,3.66%,2.43%,0.00%,"$55,147,000,000","$26,200,000","$66,000,000","$9,800,000","$22,100,000",32.77%
4,2003,4/1/2003,2.69%,2.33%,4.25%,-3.16%,8.50%,"$55,493,600,000","$19,400,000","$817,300,000","$15,800,000","$46,800,000",36.34%
5,2003,5/1/2003,1.88%,-4.10%,-2.17%,-1.12%,0.00%,"$55,663,300,000","$15,400,000","$88,000,000","$31,300,000","$13,700,000",38.91%
6,2003,6/1/2003,0.14%,-1.05%,2.33%,0.69%,0.00%,"$55,718,900,000","$25,400,000","$439,200,000","$16,800,000","$53,500,000",39.10%
7,2003,7/1/2003,0.23%,4.74%,-0.59%,-2.69%,-0.59%,"$55,746,900,000","$46,600,000","$222,800,000","$27,400,000","$58,000,000",39.42%
8,2003,8/1/2003,1.11%,2.24%,-0.37%,-1.16%,-0.37%,"$55,946,100,000","$48,900,000","$832,300,000","$49,100,000","$21,400,000",40.97%
9,2003,9/1/2003,-1.82%,-1.23%,3.46%,3.90%,0.00%,"$56,402,100,000","$24,400,000","$69,500,000","$28,200,000","$71,900,000",38.40%
10,2003,10/1/2003,1.44%,-3.84%,-0.88%,-0.53%,0.00%,"$56,403,700,000","$41,000,000","$352,800,000","$14,200,000","$86,100,000",40.39%
11,2003,11/1/2003,-0.23%,4.15%,-2.50%,3.85%,-5.00%,"$56,773,600,000","$48,900,000","$142,200,000","$12,000,000","$20,800,000",40.07%
12,2003,12/1/2003,0.88%,-0.33%,-1.40%,-0.75%,0.00%,"$56,928,200,000","$38,800,000","$735,000,000","$19,500,000","$75,800,000",41.30%
1,2004,1/1/2004,0.46%,-3.14%,-2.35%,-0.29%,-4.70%,"$57,004,200,000","$14,500,000","$310,200,000","$29,400,000","$23,100,000",41.95%
2,2004,2/1/2004,0.22%,5.18%,3.26%,-1.60%,0.00%,"$57,338,100,000","$33,000,000","$345,100,000","$34,700,000","$79,000,000",42.27%
3,2004,3/1/2004,0.76%,1.11%,3.24%,5.83%,3.24%,"$57,729,500,000","$40,600,000","$405,200,000","$25,500,000","$20,500,000",43.35%
4,2004,4/1/2004,0.25%,-1.88%,1.39%,2.39%,0.00%,"$57,956,800,000","$49,800,000","$460,700,000","$23,700,000","$57,900,000",43.71%
5,2004,5/1/2004,1.57%,5.53%,-0.84%,4.44%,0.00%,"$58,005,300,000","$30,200,000","$735,400,000","$8,700,000","$18,500,000",45.96%
6,2004,6/1/2004,-0.76%,0.36%,2.46%,-2.31%,0.00%,"$58,021,700,000","$35,100,000","$545,500,000","$38,500,000","$21,300,000",44.85%
7,2004,7/1/2004,-2.87%,2.65%,-2.79%,4.94%,-5.58%,"$58,032,700,000","$47,400,000","$449,100,000","$17,300,000","$23,800,000",40.70%
8,2004,8/1/2004,2.35%,1.95%,4.40%,4.29%,4.40%,"$58,519,500,000","$45,900,000","$120,700,000","$1,900,000","$68,600,000",44.00%
9,2004,9/1/2004,2.31%,0.23%,2.89%,-1.89%,5.78%,"$58,539,400,000","$22,000,000","$60,800,000","$2,000,000","$67,100,000",47.33%
10,2004,10/1/2004,-1.12%,5.59%,0.77%,-3.27%,0.00%,"$58,545,300,000","$46,900,000","$263,300,000","$33,000,000","$38,500,000",45.68%
11,2004,11/1/2004,-0.73%,-2.84%,-1.49%,0.05%,-2.98%,"$58,923,900,000","$38,200,000","$864,100,000","$49,400,000","$84,400,000",44.61%
12,2004,12/1/2004,-0.77%,-0.82%,1.72%,-4.51%,3.44%,"$59,214,100,000","$48,400,000","$761,100,000","$46,300,000","$58,200,000",43.50%
1,2005,1/1/2005,2.56%,-2.00%,4.30%,-4.61%,0.00%,"$59,368,600,000","$46,200,000","$583,400,000","$3,400,000","$44,300,000",47.17%
2,2005,2/1/2005,-2.48%,1.27%,0.35%,3.44%,0.35%,"$59,381,200,000","$11,100,000","$767,100,000","$42,800,000","$54,900,000",43.53%
3,2005,3/1/2005,2.49%,-3.76%,3.33%,-4.96%,6.66%,"$59,642,500,000","$40,000,000","$281,600,000","$47,100,000","$54,900,000",47.10%
4,2005,4/1/2005,-1.21%,2.90%,0.68%,4.79%,0.00%,"$59,820,600,000","$33,800,000","$687,900,000","$44,800,000","$51,600,000",45.32%
5,2005,5/1/2005,2.83%,-3.48%,-2.17%,-2.62%,-4.34%,"$59,988,500,000","$47,800,000","$506,200,000","$40,000,000","$41,300,000",49.43%
6,2005,6/1/2005,-0.60%,-4.85%,1.26%,-3.12%,1.26%,"$60,388,300,000","$40,000,000","$743,300,000","$30,400,000","$21,000,000",48.53%
7,2005,7/1/2005,-0.73%,-0.16%,-2.72%,-3.20%,-2.72%,"$60,576,100,000","$40,800,000","$864,200,000","$15,100,000","$10,300,000",47.45%
8,2005,8/1/2005,-2.59%,-4.94%,-2.26%,-2.64%,-2.26%,"$61,068,400,000","$44,200,000","$860,400,000","$34,400,000","$6,200,000",43.63%
9,2005,9/1/2005,0.36%,3.37%,4.25%,-1.53%,4.25%,"$61,417,500,000","$27,900,000","$122,900,000","$47,300,000","$65,800,000",44.15%
10,2005,10/1/2005,-1.96%,2.30%,-1.85%,-4.34%,-1.85%,"$61,741,700,000","$48,700,000","$119,700,000","$6,100,000","$81,200,000",41.32%
11,2005,11/1/2005,-1.52%,-3.73%,3.45%,-3.79%,3.45%,"$61,779,000,000","$24,000,000","$423,800,000","$15,500,000","$33,900,000",39.18%
12,2005,12/1/2005,-0.39%,-3.56%,-1.83%,5.61%,-1.83%,"$61,853,500,000","$47,900,000","$673,400,000","$5,600,000","$77,800,000",38.63%
1,2006,1/1/2006,-2.52%,0.27%,2.57%,1.77%,5.14%,"$62,220,400,000","$40,000,000","$743,200,000","$13,500,000","$17,200,000",35.14%
2,2006,2/1/2006,-1.92%,4.32%,1.98%,-2.52%,0.00%,"$62,508,800,000","$37,900,000","$130,800,000","$1,900,000","$69,200,000",32.54%
3,2006,3/1/2006,2.21%,2.74%,0.79%,1.71%,0.00%,"$62,560,100,000","$15,000,000","$164,100,000","$21,300,000","$12,600,000",35.47%
4,2006,4/1/2006,-1.53%,-0.01%,-1.66%,-3.30%,-3.32%,"$62,706,700,000","$24,300,000","$885,200,000","$21,400,000","$10,900,000",33.40%
5,2006,5/1/2006,1.79%,-2.02%,3.91%,-0.20%,3.91%,"$63,128,700,000","$18,800,000","$719,100,000","$17,800,000","$71,500,000",35.79%
6,2006,6/1/2006,0.61%,5.59%,0.91%,1.91%,0.00%,"$63,406,800,000","$49,600,000","$530,200,000","$32,400,000","$79,300,000",36.62%
7,2006,7/1/2006,2.66%,2.54%,2.09%,-4.26%,0.00%,"$63,438,500,000","$46,400,000","$283,800,000","$2,800,000","$26,400,000",40.25%
8,2006,8/1/2006,2.05%,0.94%,-1.55%,2.89%,-3.10%,"$63,462,400,000","$39,500,000","$872,200,000","$47,700,000","$17,400,000",43.13%
9,2006,9/1/2006,1.54%,5.45%,3.14%,-3.44%,6.28%,"$63,499,800,000","$35,800,000","$367,800,000","$47,200,000","$77,000,000",45.33%
10,2006,10/1/2006,-1.17%,-3.02%,0.75%,2.45%,0.00%,"$63,744,400,000","$33,700,000","$250,500,000","$28,700,000","$51,900,000",43.63%
11,2006,11/1/2006,1.37%,3.31%,3.06%,3.64%,3.06%,"$64,152,100,000","$48,000,000","$323,400,000","$34,300,000","$45,600,000",45.60%
12,2006,12/1/2006,1.07%,-2.12%,-2.03%,-3.35%,0.00%,"$64,514,900,000","$29,300,000","$128,000,000","$48,200,000","$49,600,000",47.16%
1,2007,1/1/2007,0.21%,4.58%,3.72%,-3.02%,7.44%,"$64,857,100,000","$33,200,000","$841,100,000","$20,400,000","$82,300,000",47.46%
2,2007,2/1/2007,-1.00%,-0.42%,2.66%,0.80%,5.32%,"$65,157,300,000","$17,600,000","$491,100,000","$6,500,000","$35,900,000",45.99%
3,2007,3/1/2007,2.86%,5.53%,-0.32%,2.28%,-0.32%,"$65,643,900,000","$23,900,000","$564,600,000","$13,500,000","$19,100,000",50.17%
4,2007,4/1/2007,1.89%,-0.01%,4.38%,-0.95%,8.76%,"$65,759,000,000","$19,600,000","$554,100,000","$9,300,000","$72,000,000",53.00%
5,2007,5/1/2007,-0.05%,-1.58%,-2.18%,-1.35%,-4.36%,"$65,914,500,000","$13,500,000","$103,900,000","$17,000,000","$76,800,000",52.93%
6,2007,6/1/2007,2.53%,4.62%,-0.92%,-3.54%,0.00%,"$66,399,400,000","$20,000,000","$213,100,000","$28,400,000","$10,700,000",56.80%
7,2007,7/1/2007,1.21%,-4.63%,1.35%,1.58%,1.35%,"$66,829,200,000","$9,600,000","$855,600,000","$47,600,000","$36,400,000",58.69%
8,2007,8/1/2007,2.22%,-2.11%,-2.98%,3.66%,-5.96%,"$67,247,800,000","$29,800,000","$824,300,000","$43,700,000","$10,600,000",62.22%
9,2007,9/1/2007,2.78%,-3.92%,3.75%,3.70%,3.75%,"$67,404,100,000","$45,200,000","$321,600,000","$20,100,000","$79,800,000",66.73%
10,2007,10/1/2007,0.26%,5.42%,0.39%,0.81%,0.39%,"$67,597,000,000","$17,800,000","$754,800,000","$19,200,000","$6,500,000",67.16%
11,2007,11/1/2007,0.39%,4.95%,2.70%,5.34%,2.70%,"$67,958,000,000","$21,900,000","$346,100,000","$39,100,000","$28,200,000",67.81%
12,2007,12/1/2007,1.19%,0.91%,-2.15%,2.92%,-2.15%,"$68,128,400,000","$23,000,000","$746,500,000","$14,500,000","$22,300,000",69.81%
1,2008,1/1/2008,0.78%,5.80%,2.24%,1.91%,2.24%,"$68,143,300,000","$34,900,000","$893,400,000","$32,200,000","$21,700,000",71.13%
2,2008,2/1/2008,2.98%,-0.40%,1.89%,-1.90%,3.78%,"$68,523,000,000","$32,900,000","$131,300,000","$10,300,000","$17,600,000",76.23%
3,2008,3/1/2008,1.80%,2.95%,-1.14%,-0.66%,0.00%,"$68,529,500,000","$40,700,000","$459,700,000","$8,000,000","$11,100,000",79.40%
4,2008,4/1/2008,0.24%,-4.47%,1.10%,-0.63%,0.00%,"$68,696,900,000","$19,500,000","$275,300,000","$22,000,000","$16,100,000",79.83%
5,2008,5/1/2008,-2.38%,2.77%,-1.10%,2.87%,-1.10%,"$68,851,500,000","$30,300,000","$382,200,000","$46,200,000","$89,500,000",75.55%
6,2008,6/1/2008,-2.01%,5.84%,-0.51%,-0.55%,-1.02%,"$69,163,900,000","$40,800,000","$521,000,000","$34,300,000","$45,700,000",72.03%
7,2008,7/1/2008,-0.92%,1.84%,-1.14%,-4.91%,-2.28%,"$69,189,800,000","$10,100,000","$612,900,000","$19,000,000","$6,400,000",70.44%
8,2008,8/1/2008,0.69%,-3.28%,-1.53%,0.24%,-1.53%,"$69,396,100,000","$10,100,000","$275,200,000","$31,300,000","$8,800,000",71.62%
9,2008,9/1/2008,0.74%,3.27%,-0.20%,-2.88%,-0.20%,"$69,676,000,000","$24,000,000","$363,100,000","$15,100,000","$56,300,000",72.89%
10,2008,10/1/2008,-1.48%,4.08%,3.66%,5.73%,0.00%,"$70,034,300,000","$37,100,000","$192,600,000","$26,500,000","$50,800,000",70.33%
11,2008,11/1/2008,-2.43%,4.22%,2.08%,5.10%,4.16%,"$70,340,200,000","$42,300,000","$169,900,000","$49,500,000","$16,200,000",66.19%
12,2008,12/1/2008,-1.92%,0.90%,0.77%,3.12%,0.77%,"$70,488,500,000","$14,200,000","$171,600,000","$43,100,000","$88,400,000",63.00%
1,2009,1/1/2009,0.89%,-2.79%,-1.70%,-3.66%,-3.40%,"$70,737,300,000","$16,800,000","$147,500,000","$27,100,000","$26,100,000",64.45%
2,2009,2/1/2009,-0.45%,1.18%,1.20%,2.54%,2.40%,"$71,111,500,000","$49,200,000","$271,600,000","$6,900,000","$10,200,000",63.71%
3,2009,3/1/2009,2.36%,1.53%,-1.72%,4.09%,-3.44%,"$71,260,000,000","$27,200,000","$127,300,000","$3,100,000","$56,100,000",67.58%
4,2009,4/1/2009,2.46%,5.31%,2.87%,3.63%,0.00%,"$71,422,500,000","$48,400,000","$771,100,000","$12,500,000","$46,900,000",71.70%
5,2009,5/1/2009,-2.71%,-1.77%,-0.66%,-4.36%,-0.66%,"$71,646,300,000","$32,800,000","$244,300,000","$18,400,000","$30,000,000",67.04%
6,2009,6/1/2009,0.12%,-1.90%,-1.96%,-4.48%,-3.92%,"$72,142,300,000","$14,200,000","$297,200,000","$43,800,000","$72,700,000",67.25%
7,2009,7/1/2009,-1.03%,4.14%,1.98%,-1.05%,0.00%,"$72,331,100,000","$31,800,000","$380,000,000","$3,500,000","$12,100,000",65.52%
8,2009,8/1/2009,2.88%,0.91%,2.96%,5.24%,5.92%,"$72,617,400,000","$16,600,000","$125,300,000","$40,600,000","$33,000,000",70.29%
9,2009,9/1/2009,0.27%,3.30%,-1.45%,4.75%,0.00%,"$72,774,900,000","$34,500,000","$780,200,000","$12,900,000","$38,300,000",70.75%
10,2009,10/1/2009,-1.49%,-0.49%,2.62%,0.25%,2.62%,"$73,115,300,000","$49,700,000","$418,000,000","$39,300,000","$29,100,000",68.21%
11,2009,11/1/2009,-2.54%,1.24%,3.23%,2.92%,3.23%,"$73,277,500,000","$34,600,000","$358,700,000","$32,200,000","$33,000,000",63.93%
12,2009,12/1/2009,1.34%,-0.87%,4.41%,-3.25%,4.41%,"$73,628,300,000","$29,000,000","$510,700,000","$35,000,000","$11,300,000",66.13%
1,2010,1/1/2010,2.93%,-3.09%,2.48%,-0.34%,4.96%,"$74,036,600,000","$38,200,000","$284,400,000","$11,300,000","$67,100,000",71.00%
2,2010,2/1/2010,0.06%,-3.47%,4.44%,1.70%,4.44%,"$74,337,400,000","$20,800,000","$584,100,000","$23,300,000","$10,400,000",71.10%
3,2010,3/1/2010,-2.91%,0.07%,-2.24%,-1.10%,-4.48%,"$74,351,400,000","$46,200,000","$57,700,000","$42,700,000","$25,600,000",66.12%
4,2010,4/1/2010,1.50%,0.27%,-0.69%,5.70%,-1.38%,"$74,564,100,000","$21,200,000","$439,400,000","$30,100,000","$6,100,000",68.61%
5,2010,5/1/2010,-2.09%,-1.76%,-0.16%,5.67%,-0.16%,"$74,666,400,000","$17,100,000","$532,400,000","$16,400,000","$70,200,000",65.09%
6,2010,6/1/2010,1.62%,3.92%,3.79%,-2.75%,0.00%,"$75,058,200,000","$40,300,000","$438,800,000","$24,900,000","$71,400,000",67.76%
7,2010,7/1/2010,-1.97%,5.14%,3.44%,2.19%,0.00%,"$75,406,600,000","$47,400,000","$692,700,000","$16,000,000","$25,500,000",64.46%
8,2010,8/1/2010,-0.12%,3.69%,2.10%,-2.85%,0.00%,"$75,571,600,000","$10,100,000","$522,700,000","$14,100,000","$58,400,000",64.26%
9,2010,9/1/2010,1.06%,-1.73%,1.25%,-3.05%,0.00%,"$76,040,400,000","$18,700,000","$302,700,000","$8,200,000","$15,500,000",66.00%
10,2010,10/1/2010,-0.91%,-3.84%,2.11%,3.25%,0.00%,"$76,340,400,000","$32,700,000","$829,200,000","$10,900,000","$34,800,000",64.49%
11,2010,11/1/2010,-2.81%,5.33%,3.68%,-4.11%,0.00%,"$76,597,800,000","$22,800,000","$733,100,000","$12,300,000","$14,700,000",59.87%
12,2010,12/1/2010,1.15%,2.84%,-1.12%,-1.49%,-2.24%,"$76,924,200,000","$18,800,000","$249,600,000","$33,300,000","$43,800,000",61.71%
1,2011,1/1/2011,2.48%,4.39%,-1.48%,-0.52%,-1.48%,"$77,250,500,000","$11,700,000","$771,700,000","$6,600,000","$12,800,000",65.72%
2,2011,2/1/2011,-1.70%,-3.28%,3.35%,-1.08%,6.70%,"$77,395,500,000","$22,200,000","$850,700,000","$28,100,000","$43,200,000",62.90%
3,2011,3/1/2011,1.16%,2.20%,-1.34%,0.38%,0.00%,"$77,461,900,000","$47,200,000","$206,000,000","$42,200,000","$70,700,000",64.79%
4,2011,4/1/2011,-1.79%,-3.54%,-0.66%,3.09%,-1.32%,"$77,755,500,000","$17,800,000","$704,000,000","$21,600,000","$28,500,000",61.84%
5,2011,5/1/2011,0.15%,5.77%,0.11%,5.43%,0.22%,"$78,237,400,000","$22,100,000","$804,500,000","$38,400,000","$11,900,000",62.08%
6,2011,6/1/2011,-1.01%,3.05%,2.04%,5.16%,0.00%,"$78,332,200,000","$49,700,000","$313,300,000","$5,200,000","$29,500,000",60.45%
7,2011,7/1/2011,1.84%,1.55%,3.57%,3.92%,3.57%,"$78,502,400,000","$16,900,000","$197,500,000","$25,800,000","$30,400,000",63.40%
8,2011,8/1/2011,-2.47%,-4.58%,-0.70%,-1.08%,-1.40%,"$78,815,400,000","$13,200,000","$341,000,000","$8,300,000","$85,600,000",59.36%
9,2011,9/1/2011,1.90%,0.23%,3.90%,-1.41%,3.90%,"$79,216,500,000","$44,700,000","$752,600,000","$3,900,000","$56,100,000",62.39%
10,2011,10/1/2011,-2.90%,-0.11%,3.75%,1.57%,3.75%,"$79,646,300,000","$26,000,000","$363,200,000","$30,600,000","$78,100,000",57.68%
11,2011,11/1/2011,-1.00%,-0.99%,-1.03%,3.21%,-2.06%,"$80,098,500,000","$39,900,000","$406,800,000","$32,700,000","$39,300,000",56.10%
12,2011,12/1/2011,2.52%,0.19%,2.73%,-0.69%,2.73%,"$80,264,900,000","$9,800,000","$451,800,000","$15,300,000","$53,000,000",60.04%
1,2012,1/1/2012,2.50%,-4.08%,-1.35%,-2.08%,0.00%,"$80,643,000,000","$24,100,000","$429,600,000","$11,300,000","$82,000,000",64.04%
2,2012,2/1/2012,1.58%,0.91%,0.54%,-0.23%,0.00%,"$80,946,300,000","$15,900,000","$819,300,000","$25,900,000","$51,000,000",66.63%
3,2012,3/1/2012,0.79%,1.50%,0.20%,1.20%,0.40%,"$81,261,900,000","$32,000,000","$173,800,000","$1,600,000","$86,000,000",67.95%
4,2012,4/1/2012,-1.27%,-0.73%,-2.64%,3.53%,-5.28%,"$81,311,500,000","$29,900,000","$601,100,000","$38,100,000","$87,800,000",65.81%
5,2012,5/1/2012,-1.92%,-2.09%,1.46%,2.64%,0.00%,"$81,734,400,000","$16,200,000","$764,800,000","$44,100,000","$20,800,000",62.63%
6,2012,6/1/2012,2.24%,-2.98%,3.61%,4.23%,3.61%,"$82,199,500,000","$37,800,000","$335,900,000","$21,900,000","$28,700,000",66.27%
7,2012,7/1/2012,0.28%,4.46%,0.79%,1.77%,1.58%,"$82,532,400,000","$27,300,000","$149,000,000","$48,900,000","$51,000,000",66.74%
8,2012,8/1/2012,0.72%,-3.34%,2.77%,1.58%,2.77%,"$82,703,000,000","$29,500,000","$681,000,000","$32,700,000","$14,800,000",67.94%
9,2012,9/1/2012,-0.73%,5.30%,0.78%,2.02%,1.56%,"$82,771,900,000","$35,200,000","$625,800,000","$44,000,000","$32,100,000",66.71%
10,2012,10/1/2012,2.13%,-0.86%,3.47%,3.76%,3.47%,"$83,051,800,000","$47,900,000","$329,500,000","$24,600,000","$32,400,000",70.26%
11,2012,11/1/2012,1.36%,-0.66%,0.31%,3.08%,0.31%,"$83,370,300,000","$46,300,000","$571,300,000","$1,000,000","$20,700,000",72.58%
12,2012,12/1/2012,0.33%,3.78%,-0.30%,-3.43%,-0.60%,"$83,740,600,000","$29,600,000","$133,600,000","$2,100,000","$14,100,000",73.15%
1,2013,1/1/2013,-0.26%,-0.87%,4.22%,3.13%,0.00%,"$84,004,200,000","$45,600,000","$356,600,000","$32,900,000","$46,000,000",72.70%
2,2013,2/1/2013,-2.73%,-0.20%,2.12%,-3.77%,0.00%,"$84,065,700,000","$40,400,000","$813,100,000","$28,900,000","$77,400,000",67.98%
3,2013,3/1/2013,0.56%,-1.98%,-2.11%,-2.46%,-4.22%,"$84,562,900,000","$33,100,000","$498,400,000","$35,800,000","$11,100,000",68.93%
4,2013,4/1/2013,-0.14%,5.30%,3.08%,1.47%,6.16%,"$84,678,300,000","$19,100,000","$57,400,000","$28,600,000","$42,900,000",68.69%
5,2013,5/1/2013,-2.72%,5.05%,-2.25%,1.70%,-4.50%,"$84,731,300,000","$34,100,000","$97,800,000","$40,000,000","$62,700,000",64.10%
6,2013,6/1/2013,2.96%,4.80%,4.17%,4.94%,4.17%,"$85,026,600,000","$21,100,000","$59,800,000","$37,000,000","$64,300,000",68.96%
7,2013,7/1/2013,-2.81%,-4.29%,3.33%,4.04%,6.66%,"$85,492,700,000","$16,200,000","$756,300,000","$9,200,000","$87,700,000",64.21%
8,2013,8/1/2013,0.97%,-3.90%,3.07%,-2.71%,0.00%,"$85,780,200,000","$48,100,000","$623,100,000","$48,400,000","$24,300,000",65.80%
9,2013,9/1/2013,-2.36%,-4.69%,-2.04%,-2.47%,-2.04%,"$86,023,100,000","$41,900,000","$638,500,000","$27,500,000","$6,500,000",61.89%
10,2013,10/1/2013,-1.48%,5.49%,4.20%,-1.22%,8.40%,"$86,467,900,000","$31,000,000","$680,400,000","$46,600,000","$69,400,000",59.49%
11,2013,11/1/2013,-2.29%,4.02%,-0.80%,-0.03%,-0.80%,"$86,737,900,000","$12,800,000","$131,600,000","$37,800,000","$34,700,000",55.84%
12,2013,12/1/2013,-1.10%,2.35%,1.01%,5.66%,0.00%,"$86,934,500,000","$28,300,000","$592,500,000","$38,800,000","$75,200,000",54.13%
1,2014,1/1/2014,0.09%,5.43%,2.11%,-3.67%,2.11%,"$87,307,500,000","$44,000,000","$896,800,000","$3,000,000","$84,400,000",54.27%
2,2014,2/1/2014,2.52%,-3.38%,2.46%,-2.30%,4.92%,"$87,625,900,000","$39,000,000","$75,600,000","$45,500,000","$57,900,000",58.15%
3,2014,3/1/2014,2.44%,1.25%,3.83%,2.04%,7.66%,"$87,887,800,000","$15,600,000","$431,600,000","$2,600,000","$42,200,000",62.01%
4,2014,4/1/2014,-1.23%,5.92%,-1.43%,2.88%,0.00%,"$87,900,000,000","$11,600,000","$147,500,000","$25,700,000","$8,200,000",60.02%
5,2014,5/1/2014,1.70%,4.34%,1.00%,-4.30%,1.00%,"$88,042,500,000","$33,400,000","$339,600,000","$600,000","$79,200,000",62.74%
6,2014,6/1/2014,1.94%,2.15%,2.57%,-0.72%,2.57%,"$88,494,600,000","$11,400,000","$243,500,000","$37,100,000","$41,400,000",65.90%
7,2014,7/1/2014,0.52%,0.99%,3.77%,2.28%,7.54%,"$88,762,600,000","$10,500,000","$321,600,000","$44,700,000","$51,100,000",66.76%
8,2014,8/1/2014,0.37%,-2.61%,-2.43%,3.70%,-4.86%,"$88,996,600,000","$24,200,000","$553,900,000","$21,800,000","$29,800,000",67.38%
9,2014,9/1/2014,-0.22%,-1.05%,1.14%,3.23%,0.00%,"$89,463,300,000","$30,600,000","$626,100,000","$48,600,000","$80,200,000",67.01%
10,2014,10/1/2014,0.56%,3.90%,4.16%,2.20%,4.16%,"$89,757,900,000","$45,100,000","$600,900,000","$22,900,000","$81,800,000",67.94%
11,2014,11/1/2014,-1.97%,2.02%,4.32%,2.05%,8.64%,"$90,055,200,000","$28,700,000","$579,300,000","$12,400,000","$55,900,000",64.64%
12,2014,12/1/2014,0.88%,-0.83%,3.37%,3.57%,6.74%,"$90,109,700,000","$14,600,000","$555,200,000","$11,300,000","$20,400,000",66.08%
1,2015,1/1/2015,-1.11%,-3.81%,2.83%,4.26%,2.83%,"$90,291,200,000","$11,400,000","$148,900,000","$43,700,000","$45,600,000",64.24%
2,2015,2/1/2015,-2.93%,4.62%,4.31%,4.97%,4.31%,"$90,419,300,000","$33,600,000","$497,600,000","$29,400,000","$15,100,000",59.43%
3,2015,3/1/2015,-2.34%,3.14%,-1.53%,-1.34%,-3.06%,"$90,504,200,000","$47,600,000","$517,000,000","$30,800,000","$57,300,000",55.70%
4,2015,4/1/2015,-2.36%,3.39%,3.50%,-1.85%,0.00%,"$90,654,500,000","$18,600,000","$462,400,000","$35,500,000","$23,400,000",52.02%
5,2015,5/1/2015,1.22%,2.79%,0.66%,1.65%,0.66%,"$90,709,700,000","$39,400,000","$704,600,000","$35,800,000","$48,900,000",53.88%
6,2015,6/1/2015,1.64%,-0.23%,2.15%,-2.00%,0.00%,"$91,086,300,000","$43,100,000","$840,900,000","$1,500,000","$49,900,000",56.40%
7,2015,7/1/2015,-1.76%,5.42%,-0.50%,-2.50%,-0.50%,"$91,377,900,000","$20,600,000","$883,100,000","$9,300,000","$84,000,000",53.65%
8,2015,8/1/2015,1.60%,-3.18%,-2.38%,-4.11%,0.00%,"$91,823,800,000","$41,800,000","$726,600,000","$18,200,000","$40,300,000",56.11%
9,2015,9/1/2015,-1.33%,2.58%,-1.43%,-0.76%,0.00%,"$91,942,100,000","$33,300,000","$337,100,000","$41,400,000","$47,200,000",54.03%
10,2015,10/1/2015,1.13%,-2.85%,-0.83%,5.24%,-0.83%,"$92,081,200,000","$32,300,000","$362,200,000","$19,600,000","$40,100,000",55.77%
11,2015,11/1/2015,0.21%,4.53%,0.32%,-0.95%,0.64%,"$92,568,800,000","$47,000,000","$590,500,000","$15,800,000","$36,900,000",56.10%
12,2015,12/1/2015,2.19%,2.64%,2.79%,2.46%,5.58%,"$92,811,000,000","$22,700,000","$555,800,000","$28,600,000","$8,700,000",59.52%
1,2016,1/1/2016,0.01%,1.84%,1.55%,-4.84%,3.10%,"$93,140,800,000","$28,200,000","$486,800,000","$37,500,000","$43,300,000",59.53%
2,2016,2/1/2016,0.63%,3.28%,2.24%,3.31%,2.24%,"$93,334,000,000","$13,400,000","$104,500,000","$16,300,000","$9,100,000",60.54%
3,2016,3/1/2016,-2.89%,1.28%,0.09%,-2.98%,0.18%,"$93,756,400,000","$26,600,000","$461,700,000","$39,300,000","$33,100,000",55.90%
4,2016,4/1/2016,0.17%,4.95%,-0.72%,0.02%,-1.44%,"$93,968,800,000","$25,600,000","$113,800,000","$3,100,000","$58,200,000",56.16%
5,2016,5/1/2016,-2.33%,3.97%,0.05%,-0.78%,0.00%,"$94,316,600,000","$45,400,000","$667,000,000","$44,300,000","$82,500,000",52.53%
6,2016,6/1/2016,1.28%,2.69%,1.09%,-2.34%,1.09%,"$94,511,500,000","$35,600,000","$177,300,000","$24,500,000","$45,000,000",54.48%
7,2016,7/1/2016,1.82%,-3.55%,2.28%,0.16%,2.28%,"$94,646,800,000","$25,800,000","$542,600,000","$39,400,000","$32,800,000",57.29%
8,2016,8/1/2016,2.62%,2.39%,2.08%,2.88%,4.16%,"$95,070,300,000","$37,500,000","$614,600,000","$25,200,000","$11,500,000",61.41%
9,2016,9/1/2016,-1.06%,3.59%,1.02%,-2.33%,2.04%,"$95,347,100,000","$35,200,000","$806,000,000","$9,500,000","$71,800,000",59.70%
10,2016,10/1/2016,1.62%,-4.77%,1.17%,4.83%,0.00%,"$95,757,000,000","$41,800,000","$272,400,000","$39,100,000","$87,100,000",62.29%
11,2016,11/1/2016,-0.05%,-4.78%,0.90%,1.65%,0.90%,"$95,816,300,000","$12,400,000","$455,500,000","$13,300,000","$35,900,000",62.21%
12,2016,12/1/2016,-1.02%,5.41%,0.56%,1.80%,1.12%,"$96,198,500,000","$47,600,000","$604,100,000","$17,500,000","$62,700,000",60.55%
1,2017,1/1/2017,-2.58%,4.83%,3.76%,1.56%,3.76%,"$96,602,400,000","$33,300,000","$762,900,000","$3,700,000","$69,900,000",56.41%
2,2017,2/1/2017,1.63%,5.79%,3.73%,4.67%,3.73%,"$96,902,700,000","$18,300,000","$408,500,000","$13,600,000","$13,100,000",58.96%
3,2017,3/1/2017,2.65%,-3.98%,-1.48%,-4.70%,-2.96%,"$97,094,900,000","$29,400,000","$559,000,000","$4,000,000","$31,300,000",63.17%
4,2017,4/1/2017,0.93%,1.67%,3.39%,4.54%,3.39%,"$97,369,700,000","$16,700,000","$504,300,000","$8,200,000","$43,300,000",64.69%
5,2017,5/1/2017,-0.79%,0.45%,-0.20%,4.41%,0.00%,"$97,650,900,000","$39,000,000","$765,700,000","$1,700,000","$80,100,000",63.39%
6,2017,6/1/2017,2.63%,3.78%,-1.38%,-3.28%,-1.38%,"$98,015,900,000","$10,100,000","$369,900,000","$27,700,000","$30,600,000",67.68%
7,2017,7/1/2017,-1.53%,-1.43%,2.67%,5.43%,2.67%,"$98,280,600,000","$37,600,000","$419,700,000","$3,100,000","$76,200,000",65.12%
8,2017,8/1/2017,2.03%,-4.65%,2.33%,-4.06%,4.66%,"$98,584,100,000","$18,300,000","$71,100,000","$11,500,000","$34,900,000",68.47%
9,2017,9/1/2017,0.06%,-4.81%,3.10%,-1.31%,3.10%,"$98,581,700,000","$18,500,000","$172,200,000","$18,300,000","$19,600,000",68.57%
10,2017,10/1/2017,-0.07%,-1.12%,0.52%,-0.83%,0.52%,"$98,779,400,000","$9,700,000","$881,800,000","$47,900,000","$84,000,000",68.45%
11,2017,11/1/2017,-1.65%,5.11%,4.30%,-1.51%,4.30%,"$98,804,500,000","$21,700,000","$282,800,000","$44,500,000","$14,800,000",65.67%
12,2017,12/1/2017,2.75%,1.93%,2.08%,-1.77%,4.16%,"$99,146,600,000","$30,700,000","$855,700,000","$8,100,000","$61,600,000",70.23%
1,2018,1/1/2018,0.21%,1.47%,-1.50%,0.94%,-1.50%,"$99,167,000,000","$46,700,000","$720,400,000","$38,100,000","$78,500,000",70.59%
2,2018,2/1/2018,0.58%,3.09%,-0.56%,4.50%,-0.56%,"$99,504,600,000","$33,100,000","$569,200,000","$29,500,000","$73,400,000",71.58%
3,2018,3/1/2018,1.86%,5.40%,3.54%,-3.91%,3.54%,"$99,893,100,000","$48,500,000","$243,200,000","$23,200,000","$13,200,000",74.77%
4,2018,4/1/2018,-0.59%,-0.01%,1.81%,1.40%,3.62%,"$100,298,700,000","$41,100,000","$90,800,000","$2,700,000","$79,500,000",73.74%
5,2018,5/1/2018,-1.55%,5.44%,-1.17%,-3.56%,-2.34%,"$100,572,200,000","$42,600,000","$115,100,000","$29,000,000","$53,200,000",71.04%
6,2018,6/1/2018,-2.82%,5.41%,3.58%,1.85%,7.16%,"$100,636,900,000","$24,000,000","$122,600,000","$27,000,000","$33,500,000",66.22%
7,2018,7/1/2018,-0.97%,-2.88%,2.32%,5.52%,0.00%,"$100,773,300,000","$33,200,000","$624,800,000","$16,400,000","$56,700,000",64.61%
8,2018,8/1/2018,1.76%,-1.53%,1.73%,-4.34%,1.73%,"$100,978,300,000","$20,300,000","$111,700,000","$23,500,000","$30,900,000",67.51%
9,2018,9/1/2018,1.05%,0.45%,-1.88%,-0.24%,0.00%,"$100,988,200,000","$30,700,000","$795,300,000","$45,200,000","$78,300,000",69.26%
10,2018,10/1/2018,0.17%,-2.24%,1.62%,5.50%,1.62%,"$101,449,800,000","$40,400,000","$852,400,000","$45,000,000","$45,600,000",69.55%
11,2018,11/1/2018,-2.76%,0.42%,-1.68%,1.20%,-3.36%,"$101,871,400,000","$15,200,000","$823,000,000","$28,600,000","$57,900,000",64.87%
12,2018,12/1/2018,2.88%,-2.68%,0.85%,-0.05%,1.70%,"$102,291,300,000","$43,600,000","$357,000,000","$42,600,000","$73,400,000",69.62%
1,2019,1/1/2019,2.92%,2.11%,1.39%,3.87%,2.78%,"$102,353,200,000","$44,600,000","$628,600,000","$40,500,000","$29,400,000",74.57%
2,2019,2/1/2019,0.54%,2.80%,-1.75%,-1.15%,-1.75%,"$102,454,200,000","$40,600,000","$543,300,000","$43,800,000","$73,700,000",75.52%
3,2019,3/1/2019,0.57%,-0.91%,-2.72%,5.17%,-5.44%,"$102,775,600,000","$31,300,000","$598,500,000","$27,200,000","$5,400,000",76.52%
4,2019,4/1/2019,0.48%,2.61%,1.26%,-2.82%,1.26%,"$102,847,000,000","$38,200,000","$537,500,000","$7,900,000","$74,900,000",77.36%
5,2019,5/1/2019,-1.24%,3.86%,-0.89%,-1.87%,-1.78%,"$102,973,400,000","$30,600,000","$661,000,000","$19,000,000","$31,800,000",75.16%
6,2019,6/1/2019,-0.17%,-3.31%,-2.51%,1.56%,-2.51%,"$103,020,800,000","$31,900,000","$184,300,000","$11,300,000","$36,700,000",74.87%
7,2019,7/1/2019,2.89%,0.85%,2.84%,-3.07%,0.00%,"$103,214,900,000","$42,200,000","$334,100,000","$25,100,000","$70,200,000",79.92%
8,2019,8/1/2019,0.99%,4.21%,-1.03%,4.45%,-1.03%,"$103,601,500,000","$25,600,000","$148,600,000","$25,000,000","$25,900,000",81.70%
9,2019,9/1/2019,-2.11%,2.29%,-2.38%,-0.93%,-4.76%,"$103,814,500,000","$35,000,000","$627,700,000","$25,500,000","$86,000,000",77.87%
10,2019,10/1/2019,-0.51%,0.56%,3.96%,2.86%,0.00%,"$104,115,900,000","$27,200,000","$778,600,000","$28,600,000","$85,700,000",76.96%
11,2019,11/1/2019,0.31%,-1.66%,1.80%,1.88%,3.60%,"$104,476,400,000","$40,700,000","$578,700,000","$28,900,000","$34,700,000",77.51%
12,2019,12/1/2019,2.43%,4.19%,2.25%,1.23%,4.50%,"$104,630,900,000","$22,400,000","$297,900,000","$20,800,000","$49,700,000",81.82%
1,2020,1/1/2020,-2.69%,2.16%,2.74%,-4.77%,5.48%,"$104,808,000,000","$15,700,000","$539,200,000","$41,700,000","$76,100,000",76.93%
2,2020,2/1/2020,1.47%,1.46%,2.54%,-4.06%,5.08%,"$104,990,300,000","$32,500,000","$554,600,000","$32,000,000","$76,100,000",79.53%
3,2020,3/1/2020,0.61%,5.52%,2.63%,5.42%,0.00%,"$105,254,500,000","$13,400,000","$154,200,000","$4,700,000","$68,800,000",80.63%
4,2020,4/1/2020,-1.96%,3.42%,-2.79%,4.31%,0.00%,"$105,536,300,000","$13,000,000","$210,600,000","$33,700,000","$64,700,000",77.09%
5,2020,5/1/2020,-0.23%,5.64%,-0.50%,-0.02%,0.00%,"$105,973,300,000","$46,000,000","$115,800,000","$21,100,000","$27,700,000",76.68%
6,2020,6/1/2020,-1.20%,3.84%,1.78%,0.09%,3.56%,"$106,294,800,000","$11,000,000","$888,800,000","$4,600,000","$33,900,000",74.56%
7,2020,7/1/2020,0.26%,-0.56%,3.83%,3.15%,7.66%,"$106,370,800,000","$35,700,000","$643,900,000","$27,200,000","$35,800,000",75.01%
8,2020,8/1/2020,2.59%,-4.17%,3.18%,2.14%,3.18%,"$106,669,400,000","$19,800,000","$773,600,000","$7,800,000","$17,400,000",79.55%
9,2020,9/1/2020,1.24%,2.35%,-1.97%,0.76%,-3.94%,"$106,802,800,000","$49,900,000","$228,300,000","$18,400,000","$41,700,000",81.77%
10,2020,10/1/2020,2.28%,4.75%,0.41%,3.49%,0.00%,"$107,293,500,000","$39,100,000","$60,000,000","$49,500,000","$60,200,000",85.92%
11,2020,11/1/2020,-2.34%,2.66%,-2.82%,5.37%,-5.64%,"$107,674,400,000","$42,200,000","$705,400,000","$25,700,000","$25,500,000",81.57%
12,2020,12/1/2020,2.23%,-0.14%,3.17%,0.26%,6.34%,"$107,962,700,000","$33,200,000","$324,700,000","$7,500,000","$5,700,000",85.62%
1,2021,1/1/2021,-1.84%,-4.78%,1.12%,-2.87%,2.24%,"$108,436,300,000","$40,700,000","$589,100,000","$46,000,000","$20,100,000",82.20%
2,2021,2/1/2021,1.06%,2.27%,0.89%,1.59%,0.89%,"$108,916,800,000","$48,800,000","$456,100,000","$7,200,000","$80,300,000",84.13%
3,2021,3/1/2021,-2.94%,-0.72%,-2.31%,4.93%,-4.62%,"$109,170,900,000","$32,500,000","$726,900,000","$41,300,000","$18,100,000",78.72%
4,2021,4/1/2021,-1.36%,-3.87%,2.08%,2.74%,4.16%,"$109,592,000,000","$45,500,000","$694,500,000","$27,600,000","$55,400,000",76.29%
5,2021,5/1/2021,-0.74%,-0.05%,1.72%,2.54%,3.44%,"$109,891,600,000","$11,300,000","$801,900,000","$6,200,000","$15,900,000",74.98%
6,2021,6/1/2021,0.25%,-2.89%,2.24%,5.73%,0.00%,"$110,143,800,000","$20,300,000","$212,600,000","$2,200,000","$70,400,000",75.42%
7,2021,7/1/2021,1.69%,3.42%,-2.39%,-1.74%,0.00%,"$110,260,000,000","$9,800,000","$847,000,000","$25,000,000","$16,800,000",78.39%
8,2021,8/1/2021,-1.71%,1.19%,-0.43%,2.24%,0.00%,"$110,581,400,000","$32,700,000","$805,200,000","$42,100,000","$17,000,000",75.34%
9,2021,9/1/2021,2.99%,-3.30%,2.63%,3.82%,0.00%,"$110,950,800,000","$48,600,000","$743,700,000","$23,300,000","$50,200,000",80.58%
10,2021,10/1/2021,1.47%,5.89%,0.14%,1.81%,0.14%,"$110,970,100,000","$39,800,000","$416,200,000","$24,200,000","$40,900,000",83.23%
11,2021,11/1/2021,0.77%,2.73%,-2.20%,-0.50%,0.00%,"$110,969,500,000","$44,900,000","$159,500,000","$3,400,000","$50,500,000",84.64%
12,2021,12/1/2021,-1.37%,0.53%,0.90%,5.30%,0.90%,"$111,418,500,000","$30,600,000","$737,000,000","$19,100,000","$73,600,000",82.11%
1,2022,1/1/2022,-1.54%,2.57%,3.00%,-4.24%,6.00%,"$111,716,400,000","$33,600,000","$242,000,000","$41,300,000","$28,200,000",79.31%
2,2022,2/1/2022,-1.31%,5.11%,0.33%,-3.58%,0.33%,"$111,775,600,000","$37,400,000","$170,900,000","$34,400,000","$54,900,000",76.96%
3,2022,3/1/2022,-0.07%,4.79%,2.64%,3.43%,0.00%,"$112,100,900,000","$10,200,000","$209,600,000","$4,700,000","$37,700,000",76.84%
4,2022,4/1/2022,1.08%,-3.86%,-1.90%,-0.86%,-3.80%,"$112,177,200,000","$31,400,000","$223,200,000","$31,000,000","$80,800,000",78.75%
5,2022,5/1/2022,0.43%,1.49%,-1.18%,-2.76%,-2.36%,"$112,498,900,000","$42,300,000","$106,200,000","$7,700,000","$60,000,000",79.51%
6,2022,6/1/2022,-1.30%,-1.46%,1.10%,2.36%,2.20%,"$112,976,400,000","$23,300,000","$128,000,000","$24,300,000","$62,900,000",77.18%
7,2022,7/1/2022,0.57%,5.79%,0.61%,0.64%,1.22%,"$113,333,800,000","$27,400,000","$360,200,000","$48,300,000","$78,300,000",78.19%
8,2022,8/1/2022,2.47%,0.64%,-1.07%,1.38%,0.00%,"$113,400,400,000","$37,200,000","$790,700,000","$49,400,000","$74,800,000",82.59%
9,2022,9/1/2022,-2.44%,-0.03%,-2.82%,3.09%,-5.64%,"$113,823,500,000","$11,400,000","$837,800,000","$13,400,000","$8,600,000",78.14%
10,2022,10/1/2022,2.30%,-0.24%,2.91%,1.70%,0.00%,"$114,147,000,000","$40,200,000","$102,100,000","$43,100,000","$82,700,000",82.23%
11,2022,11/1/2022,-0.70%,-2.36%,2.29%,-0.19%,0.00%,"$114,330,200,000","$46,800,000","$676,500,000","$6,900,000","$83,400,000",80.96%
12,2022,12/1/2022,0.25%,-4.28%,1.87%,-0.23%,0.00%,"$114,811,300,000","$49,600,000","$570,600,000","$39,800,000","$60,900,000",81.41%
1,2023,1/1/2023,1.30%,2.07%,-2.79%,0.41%,-2.79%,"$114,981,500,000","$47,600,000","$470,700,000","$35,300,000","$45,100,000",83.77%
2,2023,2/1/2023,-2.64%,0.95%,-2.67%,-2.56%,-2.67%,"$115,439,100,000","$32,100,000","$97,800,000","$9,700,000","$82,100,000",78.92%
3,2023,3/1/2023,0.80%,-2.54%,-2.36%,-4.76%,0.00%,"$115,866,200,000","$17,100,000","$174,700,000","$18,800,000","$63,300,000",80.35%
4,2023,4/1/2023,2.14%,-4.60%,2.59%,-4.13%,5.18%,"$116,100,200,000","$37,100,000","$361,700,000","$11,900,000","$40,400,000",84.21%
5,2023,5/1/2023,-1.22%,-1.90%,1.08%,-4.59%,2.16%,"$116,559,800,000","$45,800,000","$484,200,000","$4,900,000","$87,200,000",81.96%
6,2023,6/1/2023,-0.85%,0.78%,1.14%,5.65%,2.28%,"$116,696,000,000","$36,400,000","$400,100,000","$36,500,000","$15,600,000",80.41%
7,2023,7/1/2023,-0.50%,-4.98%,0.24%,0.20%,0.00%,"$117,021,200,000","$47,400,000","$877,500,000","$48,500,000","$16,600,000",79.51%
8,2023,8/1/2023,-2.49%,-4.21%,2.04%,5.09%,0.00%,"$117,519,400,000","$42,200,000","$687,100,000","$41,300,000","$78,700,000",75.04%
9,2023,9/1/2023,-0.08%,5.44%,-2.94%,-3.89%,0.00%,"$117,778,500,000","$18,500,000","$336,500,000","$17,100,000","$23,500,000",74.90%
10,2023,10/1/2023,2.94%,-1.56%,2.49%,-3.58%,4.98%,"$117,773,900,000","$45,500,000","$585,500,000","$37,700,000","$64,900,000",80.04%
11,2023,11/1/2023,0.05%,0.83%,1.71%,-2.58%,0.00%,"$117,866,300,000","$49,700,000","$795,400,000","$48,300,000","$59,300,000",80.13%
12,2023,12/1/2023,-1.11%,-2.86%,-2.33%,3.29%,-2.33%,"$118,345,700,000","$21,400,000","$897,800,000","$39,200,000","$89,200,000",78.14%
1,2024,1/1/2024,-2.21%,-4.39%,-2.21%,0.28%,-4.42%,"$118,618,200,000","$29,900,000","$586,500,000","$33,800,000","$45,100,000",74.20%
2,2024,2/1/2024,2.36%,0.94%,-0.91%,1.25%,-0.91%,"$118,733,700,000","$44,900,000","$690,700,000","$18,400,000","$19,300,000",78.31%
3,2024,3/1/2024,0.81%,3.80%,2.90%,-4.82%,2.90%,"$118,754,100,000","$22,900,000","$729,300,000","$48,600,000","$37,000,000",79.75%
4,2024,4/1/2024,-2.25%,-2.21%,0.99%,5.69%,0.00%,"$118,761,400,000","$43,700,000","$641,600,000","$34,400,000","$70,400,000",75.71%
5,2024,5/1/2024,-0.27%,3.39%,-2.05%,5.06%,-2.05%,"$119,228,900,000","$32,600,000","$706,400,000","$12,300,000","$59,600,000",75.23%
6,2024,6/1/2024,-0.22%,-2.97%,0.85%,-3.58%,0.85%,"$119,274,700,000","$21,100,000","$134,500,000","$20,000,000","$83,900,000",74.85%
7,2024,7/1/2024,-2.10%,0.74%,-2.43%,-1.05%,-4.86%,"$119,668,400,000","$41,700,000","$843,300,000","$31,300,000","$31,100,000",71.18%
8,2024,8/1/2024,1.33%,5.36%,-2.52%,1.78%,-2.52%,"$119,908,000,000","$42,100,000","$524,800,000","$27,800,000","$50,100,000",73.45%
9,2024,9/1/2024,0.46%,3.87%,0.36%,5.22%,0.72%,"$119,952,000,000","$28,300,000","$582,000,000","$38,600,000","$69,300,000",74.25%
10,2024,10/1/2024,-1.66%,-2.31%,-0.94%,3.99%,0.00%,"$120,324,100,000","$24,000,000","$223,500,000","$6,500,000","$34,600,000",71.36%
11,2024,11/1/2024,-0.32%,-2.47%,0.05%,2.21%,0.00%,"$120,493,600,000","$38,400,000","$109,800,000","$45,200,000","$40,000,000",70.81%
12,2024,12/1/2024,2.38%,-4.33%,3.51%,2.23%,0.00%,"$120,933,500,000","$49,200,000","$865,900,000","$42,300,000","$57,700,000",74.88%
1,2025,1/1/2025,-0.84%,2.19%,3.11%,2.99%,6.22%,"$121,326,000,000","$34,900,000","$864,600,000","$37,200,000","$38,600,000",73.41%
2,2025,2/1/2025,0.05%,1.23%,-0.96%,-3.04%,0.00%,"$121,730,100,000","$43,800,000","$828,200,000","$17,000,000","$63,100,000",73.49%